ii	16
dvid	18
te	16
current	15
serv	24
ru	26
nive	21
ic	28
cultur	16
deh	17
live	15
dv	15
housg	16
june	22
64	20
2012	16
lw	17
45	20
househ	16
om	16
1990	19
2011	29
right	16
2000	27
km	17
universi	24
rd	16
dividul	19
2005	21
usulli	15
mj	27
juli	23
mle	17
blck	17
ok	21
zh	18
su	17
35	15
18	30
project	16
centuri	17
unt	16
tle	26
mp	21
gst	21
26	21
30	28
llow	16
2008	26
li	15
tke	16
1999	17
furr	16
j	30
modern	15
html	29
round	16
14	29
bd	27
spt	19
17	26
pril	22
polic	16
wd	17
dy	30
bck	21
cii	20
due	15
ts	20
densi	17
gre	17
27	26
censu	16
br	27
mg	26
lrge	15
pot	18
wte	19
fil	25
pp	16
k	27
31	17
rt	28
ri	27
pr	15
mr	29
nil	19
found	21
rce	22
37	18
fili	30
mov	15
ril	19
ps	26
clud	17
wk	19
49	15
press	23
12	30
populr	21
